[
  {
    "排名": 1,
    "电影名": "肖申克的救赎",
    "海报Url": "https://img9.doubanio.com/view/photo/s_ratio_poster/public/p480747492.jpg",
    "详情Url": "https://movie.douban.com/subject/1292052/",
    "导演": "弗兰克·德拉邦特",
    "片长": "142分钟",
    "类型": "犯罪,剧情",
    "制片国家": "美国",
    "上映日期": "1994-09-10",
    "演员数量": 25,
    "评分": "9.7",
    "演员": "蒂姆·罗宾斯,摩根·弗里曼,鲍勃·冈顿,威廉姆·赛德勒,克兰西·布朗,吉尔·贝罗斯,马克·罗斯顿,詹姆斯·惠特摩,杰弗里·德曼,拉里·布兰登伯格,尼尔·吉恩托利,布赖恩·利比,大卫·普罗瓦尔,约瑟夫·劳格诺,祖德·塞克利拉,保罗·麦克兰尼,芮妮·布莱恩,阿方索·弗里曼,V·J·福斯特,弗兰克·梅德拉诺,马克·迈尔斯,尼尔·萨默斯,耐德·巴拉米,布赖恩·戴拉特,唐·麦克马纳斯",
    "语言": "英语"
  },
  {
    "排名": 2,
    "电影名": "霸王别姬",
    "海报Url": "https://img9.doubanio.com/view/photo/s_ratio_poster/public/p2561716440.jpg",
    "详情Url": "https://movie.douban.com/subject/1291546/",
    "导演": "陈凯歌",
    "片长": "171 分钟",
    "类型": "剧情,爱情,同性",
    "制片国家": "中国大陆,中国香港",
    "上映日期": "1993-07-26",
    "演员数量": 26,
    "评分": "9.6",
    "演员": "张国荣,张丰毅,巩俐,葛优,英达,蒋雯丽,吴大维,吕齐,雷汉,尹治,马明威,费振翔,智一桐,李春,赵海龙,李丹,童弟,沈慧芬,黄斐,徐杰,黄磊,冯远征,杨立新,方征,周璞,隋永清",
    "语言": "汉语普通话"
  },
  {
    "排名": 3,
    "电影名": "控方证人",
    "海报Url": "https://img9.doubanio.com/view/photo/s_ratio_poster/public/p1505392928.jpg",
    "详情Url": "https://movie.douban.com/subject/1296141/",
    "导演": "比利·怀德",
    "片长": "116分钟",
    "类型": "剧情,犯罪,悬疑",
    "制片国家": "美国",
    "上映日期": "1957-12-17",
    "演员数量": 51,
    "评分": "9.6",
    "演员": "泰隆·鲍华,玛琳·黛德丽,查尔斯·劳顿,爱尔莎·兰切斯特,约翰·威廉姆斯,亨利·丹尼尔,伊安·沃尔夫,托林·撒切尔,诺玛·威登,尤娜·奥康纳,茹塔·李,贝丝·弗劳尔斯,比尔·厄尔文,J·帕特·奥马利,本·怀特,Paul Kruger,Jack Raine,Paul Power,乔治·佩林,威廉·H·奥布莱恩,奥托拉内史密斯,Frank McClure,Colin Kenny,Jeanne Lafayette,Wilbur Mack,Fred Rapport,Leoda Richards,Glen Walters,Arthur Tovey,伯特史蒂文斯,Cap Somers,Lucille Sewall,斯考特西顿,Norbert Schiller,杰弗里·塞尔,John Roy,Al Roberts,Art Howard,Stuart Hall,Francis Compton,Philip Tonge,帕特里克·艾亨,富兰克林·法纳姆,玛乔丽·伊顿,Steve Carruthers,George Calliga,乔治布鲁格曼,丹尼·鲍沙其,Brandon Beach,Eddie Baker,Walter Bacon",
    "语言": "英语 / 德语"
  },
  {
    "排名": 4,
    "电影名": "伊丽莎白",
    "海报Url": "https://img9.doubanio.com/view/photo/s_ratio_poster/public/p2264336223.jpg",
    "详情Url": "https://movie.douban.com/subject/24877005/",
    "导演": "Sven Offen",
    "片长": "140分钟",
    "类型": "剧情,歌舞",
    "制片国家": "Austria",
    "上映日期": "2005-12-05",
    "演员数量": 3,
    "评分": "9.6",
    "演员": "玛雅·哈克福特,Máté Kamarás,安德烈 鲍尔",
    "语言": "德语"
  },
  {
    "排名": 5,
    "电影名": "阿甘正传",
    "海报Url": "https://img9.doubanio.com/view/photo/s_ratio_poster/public/p1484728154.jpg",
    "详情Url": "https://movie.douban.com/subject/1292720/",
    "导演": "罗伯特·泽米吉斯",
    "片长": "142分钟",
    "类型": "剧情,爱情",
    "制片国家": "美国",
    "上映日期": "1994-06-23",
    "演员数量": 51,
    "评分": "9.5",
    "演员": "汤姆·汉克斯,罗宾·怀特,加里·西尼斯,麦凯尔泰·威廉逊,莎莉·菲尔德,海利·乔·奥斯蒙,迈克尔·康纳·亨弗里斯,哈罗德·G·赫瑟姆,山姆·安德森,伊俄涅·M·特雷奇,彼得·道博森,希芳·法隆,伊丽莎白·汉克斯,汉娜·豪尔,克里斯托弗·琼斯,罗布·兰德里,杰森·麦克奎尔,桑尼·施罗耶,艾德·戴维斯,丹尼尔C.斯瑞派克,大卫·布里斯宾,德博拉·麦克蒂尔,艾尔·哈林顿,阿非莫·奥米拉,约翰·沃德斯塔德,迈克尔·伯吉斯,埃里克·安德伍德,拜伦·明斯,斯蒂芬·布吉格沃特,约翰·威廉·高尔特,希拉里·沙普兰,伊莎贝尔·罗斯,理查德·达历山德罗,迪克·史迪威,迈克尔-杰斯,杰弗里·布莱克,瓦妮莎·罗斯,迪克·卡维特,马拉·苏查雷特扎,乔·阿拉斯奇,W·本森·泰瑞,约翰·列侬,埃尔维斯·普雷斯利,罗纳德·里根,鲍勃·霍普,约翰·肯尼迪,理查德·尼克松,吴俊全,蒂莫西·麦克尼尔,杰拉尔德·福特,布雷特·赖斯",
    "语言": "英语"
  },
  {
    "排名": 6,
    "电影名": "美丽人生",
    "海报Url": "https://img9.doubanio.com/view/photo/s_ratio_poster/public/p2578474613.jpg",
    "详情Url": "https://movie.douban.com/subject/1292063/",
    "导演": "罗伯托·贝尼尼",
    "片长": "116分钟",
    "类型": "剧情,喜剧,爱情,战争",
    "制片国家": "意大利",
    "上映日期": "2020-01-03",
    "演员数量": 29,
    "评分": "9.5",
    "演员": "罗伯托·贝尼尼,尼可莱塔·布拉斯基,乔治·坎塔里尼,朱斯蒂诺·杜拉诺,赛尔乔·比尼·布斯特里克,玛丽萨·帕雷德斯,霍斯特·布赫霍尔茨,利迪娅·阿方西,朱利亚娜·洛约迪切,亚美利哥·丰塔尼,彼得·德·席尔瓦,弗朗西斯·古佐,拉法埃拉·莱博罗尼,克劳迪奥·阿方西,吉尔·巴罗尼,马西莫·比安奇,恩尼奥·孔萨尔维,吉安卡尔洛·科森蒂诺,阿伦·克雷格,汉尼斯·赫尔曼,弗兰科·梅斯科利尼,安东尼奥·普雷斯特,吉娜·诺维勒,理查德·塞梅尔,安德烈提多娜,迪尔克·范登贝格,奥梅罗·安东努蒂,沈晓谦,张欣",
    "语言": "意大利语 / 德语 / 英语"
  },
  {
    "排名": 7,
    "电影名": "辛德勒的名单",
    "海报Url": "https://img9.doubanio.com/view/photo/s_ratio_poster/public/p492406163.jpg",
    "详情Url": "https://movie.douban.com/subject/1295124/",
    "导演": "史蒂文·斯皮尔伯格",
    "片长": "195分钟",
    "类型": "剧情,历史,战争",
    "制片国家": "美国",
    "上映日期": "1993-11-30",
    "演员数量": 46,
    "评分": "9.5",
    "演员": "连姆·尼森,本·金斯利,拉尔夫·费因斯,卡罗琳·古多尔,乔纳森·萨加尔,艾伯丝·戴维兹,马尔戈萨·格贝尔,马克·伊瓦涅,碧翠斯·马科拉,安德烈·瑟韦林,弗里德里希·冯·图恩,克齐斯茨托夫·拉夫特,诺伯特·魏塞尔,Tadeusz Huk,马丁·塞梅洛格,Tomasz Dedek,奥拉夫·卢巴申科,马瑞安·格林卡,佐久间玲,约亨·尼克尔,艾尔文·莱德,约阿希姆·保罗·阿斯波克,Maciej Orlos,阿格涅兹卡·克鲁科沃娜,吴俊全,彭河,皮奥特·赛尔沃斯,戈兹·奥托,玛雅·奥丝塔泽斯卡,Maciej Kozlowski,阿格尼兹卡·旺格,Eugeniusz Priwieziencew,布兰科·拉斯蒂格,路德格·皮斯特,Marta Bizon,Ezra Dagan,Geno Lechner,Razia Israeli,拉米·希尔伯格,埃琳娜·勒文松,胡契克·卡勒塔,塔德乌什·布拉德茨基,亨里克·比斯塔,帕维·德朗柯,耶日·诺瓦克,安娜·穆查",
    "语言": "英语 / 希伯来语 / 德语 / 波兰语"
  },
  {
    "排名": 8,
    "电影名": "茶馆",
    "海报Url": "https://img9.doubanio.com/view/photo/s_ratio_poster/public/p2262122096.jpg",
    "详情Url": "https://movie.douban.com/subject/1461403/",
    "导演": "谢添",
    "片长": "118分钟",
    "类型": "剧情,历史",
    "制片国家": "中国大陆",
    "上映日期": "1982",
    "演员数量": 35,
    "评分": "9.5",
    "演员": "于是之,郑榕,蓝天野,英若诚,黄宗洛,童超,金昭,林连昆,牛星丽,谭宗尧,童弟,吴淑昆,胡宗温,程中,李大千,李源,李翔,张瞳,任宝贤,尚丽娟,米铁增,田春奎,冯增祥,雷飞,林东升,孟瑾,孙俊峰,平原,曹世骧,王大年,张华,丁海涛,朱旭,孙敬修,董行佶",
    "语言": "北京话"
  },
  {
    "排名": 9,
    "电影名": "控方证人",
    "海报Url": "https://img9.doubanio.com/view/photo/s_ratio_poster/public/p2367853261.jpg",
    "详情Url": "https://movie.douban.com/subject/5294851/",
    "导演": "艾伦·吉布森",
    "片长": "97分钟",
    "类型": "剧情,犯罪,悬疑",
    "制片国家": "美国,英国",
    "上映日期": "1982-12-04",
    "演员数量": 8,
    "评分": "9.5",
    "演员": "拉尔夫·理查德森,黛博拉·蔻儿,博·布里奇斯,黛安娜·里格,温蒂·希勒,唐纳德·普利森斯,彼得·萨利斯,弗兰克·米尔斯",
    "语言": "英语"
  },
  {
    "排名": 10,
    "电影名": "十二怒汉（电视版）",
    "海报Url": "https://img9.doubanio.com/view/photo/s_ratio_poster/public/p2153875961.jpg",
    "详情Url": "https://movie.douban.com/subject/10583098/",
    "导演": "富兰克林·沙夫纳",
    "片长": "52分钟",
    "类型": "剧情,犯罪,悬疑",
    "制片国家": "美国",
    "上映日期": "1954-09-20",
    "演员数量": 12,
    "评分": "9.5",
    "演员": "罗伯特·卡明斯,法兰奇·汤恩,爱德华·阿诺德,保罗·哈特曼,约翰·贝尔,沃尔特·艾贝尔,乔治·沃斯科维奇,约瑟夫·史威尼,巴特·伯恩斯,诺曼·费尔,李·飞利浦,Larkin Ford",
    "语言": "英语"
  },
  {
    "排名": 11,
    "电影名": "这个杀手不太冷",
    "海报Url": "https://img9.doubanio.com/view/photo/s_ratio_poster/public/p511118051.jpg",
    "详情Url": "https://movie.douban.com/subject/1295644/",
    "导演": "吕克·贝松",
    "片长": "110分钟(剧场版)",
    "类型": "剧情,动作,犯罪",
    "制片国家": "法国",
    "上映日期": "1994-09-14",
    "演员数量": 20,
    "评分": "9.4",
    "演员": "让·雷诺,娜塔莉·波特曼,加里·奥德曼,丹尼·爱罗,彼得·阿佩尔,迈克尔·巴达鲁科,艾伦·格里尼,伊丽莎白·瑞根,卡尔·马图斯维奇,弗兰克·赛格,麦温,乔治·马丁,罗伯特·拉萨多,亚当·布斯奇,马里奥·托迪斯科,萨米·纳塞利,让·雨果·安格拉德,埃莱娜·卡多纳,大塚明夫,沈晓谦",
    "语言": "英语 / 意大利语 / 法语"
  },
  {
    "排名": 12,
    "电影名": "泰坦尼克号",
    "海报Url": "https://img9.doubanio.com/view/photo/s_ratio_poster/public/p457760035.jpg",
    "详情Url": "https://movie.douban.com/subject/1292722/",
    "导演": "詹姆斯·卡梅隆",
    "片长": "194分钟",
    "类型": "剧情,爱情,灾难",
    "制片国家": "美国",
    "上映日期": "1998-04-03",
    "演员数量": 61,
    "评分": "9.4",
    "演员": "莱昂纳多·迪卡普里奥,凯特·温丝莱特,比利·赞恩,凯西·贝茨,弗兰西丝·费舍,格劳瑞亚·斯图尔特,比尔·帕克斯顿,伯纳德·希尔,大卫·沃纳,维克多·加博,乔纳森·海德,苏茜·爱米斯,刘易斯·阿伯内西,尼古拉斯·卡斯柯恩,阿那托利·萨加洛维奇,丹尼·努齐,杰森·贝瑞,伊万·斯图尔特,艾恩·格拉法德,乔纳森·菲利普斯,马克·林赛·查普曼,理查德·格拉翰,保罗·布赖特威尔,艾瑞克·布里登,夏洛特·查顿,博纳德·福克斯,迈克尔·英塞恩,法妮·布雷特,马丁·贾维斯,罗莎琳·艾尔斯,罗切尔·罗斯,乔纳森·伊万斯-琼斯,西蒙·克雷恩,爱德华德·弗莱彻,斯科特·安德森,马丁·伊斯特,克雷格·凯利,格雷戈里·库克,利亚姆·图伊,詹姆斯·兰开斯特,艾尔莎·瑞雯,卢·帕尔特,泰瑞·佛瑞斯塔,凯文·德·拉·诺伊,詹姆斯·卡梅隆,竹内结子,詹姆斯·霍纳,姜广涛,罗恩·多纳基,佐佐木澄江,史蒂文·奎里 ,詹妮特·戈德斯坦恩,林凡 ,Linda Kerns,马丁·哈伯,马丁·莱恩,德里克·李,Paul Herbert,亚历山大·欧文斯,Julene Renee,曲敬国",
    "语言": "英语 / 意大利语 / 德语 / 俄语"
  },
  {
    "排名": 13,
    "电影名": "忠犬八公的故事",
    "海报Url": "https://img9.doubanio.com/view/photo/s_ratio_poster/public/p524964016.jpg",
    "详情Url": "https://movie.douban.com/subject/3011091/",
    "导演": "拉斯·霍尔斯道姆",
    "片长": "93分钟",
    "类型": "剧情",
    "制片国家": "美国,英国",
    "上映日期": "2009-06-13",
    "演员数量": 19,
    "评分": "9.4",
    "演员": "理查·基尔,萨拉·罗默尔,琼·艾伦,罗比·萨布莱特,艾瑞克·阿瓦利,田川洋行,杰森·亚历山大,罗伯特·卡普荣,Ellen Becker-Gray,Ben Skinner,凯文·德科斯泰,Raymond Alongi,Michael Kelly,达文尼亚·麦克法登,贝茨·怀尔德,亚美利哥·普雷休蒂,Gail Bugeja,马丁·蒙塔纳,高岛彩",
    "语言": "英语 / 日语"
  },
  {
    "排名": 14,
    "电影名": "十二怒汉",
    "海报Url": "https://img9.doubanio.com/view/photo/s_ratio_poster/public/p2173577632.jpg",
    "详情Url": "https://movie.douban.com/subject/1293182/",
    "导演": "西德尼·吕美特",
    "片长": "96 分钟",
    "类型": "剧情",
    "制片国家": "美国",
    "上映日期": "1957-04-13",
    "演员数量": 12,
    "评分": "9.4",
    "演员": "亨利·方达,马丁·鲍尔萨姆,约翰·菲德勒,李·科布,E.G.马绍尔,杰克·克卢格曼 ,爱德华·宾斯,杰克·瓦尔登,约瑟夫·史威尼,埃德·贝格利,乔治·沃斯科维奇,罗伯特·韦伯",
    "语言": "英语"
  },
  {
    "types": [
      "剧情",
      "爱情",
      "灾难"
    ],
    "regions": [
      "美国"
    ],
    "release_date": "2012-04-10",
    "actor_count": 37,
    "score": "9.4",
    "actors": [
      "莱昂纳多·迪卡普里奥",
      "凯特·温丝莱特",
      "比利·赞恩",
      "凯西·贝茨",
      "弗兰西丝·费舍",
      "格劳瑞亚·斯图尔特",
      "比尔·帕克斯顿",
      "伯纳德·希尔",
      "大卫·沃纳",
      "维克多·加博",
      "乔纳森·海德",
      "苏茜·爱米斯",
      "刘易斯·阿伯内西",
      "尼古拉斯·卡斯柯恩",
      "阿那托利·萨加洛维奇",
      "丹尼·努齐",
      "杰森·贝瑞",
      "伊万·斯图尔特",
      "罗恩·多纳基",
      "夏洛特·查顿",
      "博纳德·福克斯",
      "迈克尔·英塞恩",
      "艾瑞克·布里登",
      "詹妮特·戈德斯坦恩",
      "Linda Kerns",
      "Paul Herbert",
      "德里克·李",
      "克雷格·凯利",
      "西蒙·克雷恩",
      "马丁·贾维斯",
      "季冠霖",
      "詹姆斯·卡梅隆",
      "马克·林赛·查普曼",
      "爱德华德·弗莱彻",
      "艾恩·格拉法德",
      "罗切尔·罗斯",
      "史蒂文·奎里 "
    ],
    "排名": 15,
    "电影名": "泰坦尼克号 3D版",
    "海报Url": "https://img9.doubanio.com/view/photo/s_ratio_poster/public/p1408665952.jpg",
    "详情Url": "https://movie.douban.com/subject/5450891/",
    "导演": "",
    "error": "list index out of range"
  },
  {
    "rating": [
      "9.4",
      "50"
    ],
    "rank": 16,
    "cover_url": "https://img9.doubanio.com/view/photo/s_ratio_poster/public/p2505048077.jpg",
    "is_playable": true,
    "id": "1307856",
    "types": [
      "剧情"
    ],
    "regions": [
      "中国大陆",
      "中国香港"
    ],
    "title": "背靠背，脸对脸",
    "url": "https://movie.douban.com/subject/1307856/",
    "release_date": "1994-09-10",
    "actor_count": 19,
    "vote_count": 50664,
    "score": "9.4",
    "actors": [
      "牛振华",
      "雷恪生",
      "李强",
      "句号",
      "王劲松",
      "戈治均",
      "佘南南",
      "张嘉译",
      "刘国祥",
      "徐学政",
      "林海海",
      "温谦",
      "马载军",
      "吴玮玲",
      "韩炳杰",
      "杨亚洲",
      "王馥荔",
      "张艺",
      "王洪光"
    ],
    "is_watched": false
  },
  {
    "rating": [
      "9.4",
      "50"
    ],
    "rank": 17,
    "cover_url": "https://img9.doubanio.com/view/photo/s_ratio_poster/public/p1161132422.jpg",
    "is_playable": true,
    "id": "1291831",
    "types": [
      "剧情",
      "爱情",
      "家庭"
    ],
    "regions": [
      "意大利"
    ],
    "title": "灿烂人生",
    "url": "https://movie.douban.com/subject/1291831/",
    "release_date": "2003-06-22",
    "actor_count": 16,
    "vote_count": 41481,
    "score": "9.4",
    "actors": [
      "路易吉·洛·卡肖",
      "阿莱西奥·博尼",
      "索尼娅·贝加马斯科",
      "玛雅·珊萨",
      "法布里齐奥·吉福尼",
      "杰丝敏·特丽卡",
      "里卡多·斯卡马乔",
      "安德烈提多娜",
      "瓦伦蒂娜·卡妮卢提",
      "卡米拉·菲利皮",
      "莉迪亚·维塔莱",
      "Claudio Gioè",
      "斯特凡诺·阿伯蒂",
      "安东内洛·普利西",
      "阿德里娅娜·阿斯蒂",
      "Giuseppe Gandini"
    ],
    "is_watched": false
  },
  {
    "rating": [
      "9.4",
      "50"
    ],
    "rank": 18,
    "cover_url": "https://img9.doubanio.com/view/photo/s_ratio_poster/public/p2516014437.jpg",
    "is_playable": true,
    "id": "3037329",
    "types": [
      "剧情"
    ],
    "regions": [
      "中国大陆"
    ],
    "title": "遥望南方的童年",
    "url": "https://movie.douban.com/subject/3037329/",
    "release_date": "2007",
    "actor_count": 0,
    "vote_count": 13282,
    "score": "9.4",
    "actors": [],
    "is_watched": false
  },
  {
    "rating": [
      "9.4",
      "50"
    ],
    "rank": 19,
    "cover_url": "https://img9.doubanio.com/view/photo/s_ratio_poster/public/p2329626263.jpg",
    "is_playable": false,
    "id": "20326557",
    "types": [
      "剧情",
      "爱情",
      "音乐"
    ],
    "regions": [
      "法国"
    ],
    "title": "巴黎圣母院",
    "url": "https://movie.douban.com/subject/20326557/",
    "release_date": "1999",
    "actor_count": 7,
    "vote_count": 8496,
    "score": "9.4",
    "actors": [
      "海伦娜·赛加拉",
      "加劳",
      "丹尼尔·拉沃伊",
      "布鲁诺·佩尔蒂埃",
      "帕特里克·费欧里",
      "拉克·默维尔",
      "朱丽叶·泽纳缇"
    ],
    "is_watched": false
  },
  {
    "rating": [
      "9.4",
      "50"
    ],
    "rank": 20,
    "cover_url": "https://img9.doubanio.com/view/photo/s_ratio_poster/public/p2224933614.jpg",
    "is_playable": false,
    "id": "25928148",
    "types": [
      "剧情",
      "爱情",
      "歌舞"
    ],
    "regions": [
      "法国"
    ],
    "title": "罗密欧与朱丽叶",
    "url": "https://movie.douban.com/subject/25928148/",
    "release_date": "2002-02-06",
    "actor_count": 4,
    "vote_count": 4146,
    "score": "9.4",
    "actors": [
      "达米安·萨格",
      "希西莉亚·卡拉",
      "葛里高利·巴奎特",
      "Tom Ross"
    ],
    "is_watched": false
  },
  {
    "rating": [
      "9.3",
      "50"
    ],
    "rank": 21,
    "cover_url": "https://img9.doubanio.com/view/photo/s_ratio_poster/public/p2557573348.jpg",
    "is_playable": true,
    "id": "1291561",
    "types": [
      "剧情",
      "动画",
      "奇幻"
    ],
    "regions": [
      "日本"
    ],
    "title": "千与千寻",
    "url": "https://movie.douban.com/subject/1291561/",
    "release_date": "2019-06-21",
    "actor_count": 25,
    "vote_count": 1541534,
    "score": "9.3",
    "actors": [
      "柊瑠美",
      "入野自由",
      "夏木真理",
      "菅原文太",
      "中村彰男",
      "玉井夕海",
      "神木隆之介",
      "内藤刚志",
      "泽口靖子",
      "我修院达也",
      "大泉洋",
      "小林郁夫",
      "上条恒彦",
      "小野武彦",
      "田壮壮",
      "王琳",
      "安田显",
      "户次重幸",
      "胡立成",
      "山像香",
      "斋藤志郎",
      "脇田茂",
      "彭昱畅",
      "井柏然",
      "周冬雨"
    ],
    "is_watched": false
  },
  {
    "rating": [
      "9.3",
      "50"
    ],
    "rank": 22,
    "cover_url": "https://img9.doubanio.com/view/photo/s_ratio_poster/public/p513344864.jpg",
    "is_playable": true,
    "id": "3541415",
    "types": [
      "剧情",
      "科幻",
      "悬疑",
      "冒险"
    ],
    "regions": [
      "美国",
      "英国"
    ],
    "title": "盗梦空间",
    "url": "https://movie.douban.com/subject/3541415/",
    "release_date": "2010-09-01",
    "actor_count": 28,
    "vote_count": 1433106,
    "score": "9.3",
    "actors": [
      "莱昂纳多·迪卡普里奥",
      "约瑟夫·高登-莱维特",
      "艾伦·佩吉",
      "汤姆·哈迪",
      "渡边谦",
      "迪利普·劳",
      "基里安·墨菲",
      "汤姆·贝伦杰",
      "玛丽昂·歌迪亚",
      "皮特·波斯尔思韦特",
      "迈克尔·凯恩",
      "卢卡斯·哈斯",
      "李太力",
      "克莱尔·吉尔蕾",
      "马格努斯·诺兰",
      "泰勒·吉蕾",
      "乔纳森·吉尔",
      "水源士郎",
      "冈本玉二",
      "厄尔·卡梅伦",
      "瑞恩·海沃德",
      "米兰达·诺兰",
      "拉什·费加",
      "蒂姆·科勒赫",
      "妲露拉·莱莉",
      "玛格丽特·因索利亚",
      "吉尔·马德雷尔",
      "迈克尔·加斯顿"
    ],
    "is_watched": false
  },
  {
    "rating": [
      "9.3",
      "50"
    ],
    "rank": 23,
    "cover_url": "https://img9.doubanio.com/view/photo/s_ratio_poster/public/p2574551676.jpg",
    "is_playable": true,
    "id": "1292001",
    "types": [
      "剧情",
      "音乐"
    ],
    "regions": [
      "意大利"
    ],
    "title": "海上钢琴师",
    "url": "https://movie.douban.com/subject/1292001/",
    "release_date": "2019-11-15",
    "actor_count": 23,
    "vote_count": 1193199,
    "score": "9.3",
    "actors": [
      "蒂姆·罗斯",
      "普路特·泰勒·文斯",
      "比尔·努恩",
      "克兰伦斯·威廉姆斯三世",
      "梅兰尼·蒂埃里",
      "皮特·沃恩",
      "尼尔·奥布赖恩",
      "阿尔贝托·巴斯克斯",
      "加布里埃莱·拉维亚",
      "科里·巴克",
      "西德尼·科尔",
      "Luigi De Luca",
      "尼古拉·迪·平托",
      "费米·依鲁福祖",
      "伊斯顿·盖奇",
      "凯文·麦克纳利",
      "布莱恩·普林格",
      "沙拉·鲁宾",
      "希思科特·威廉姆斯",
      "阿妮妲·扎格利亚",
      "安吉洛·迪洛雷塔",
      "吉达·布塔",
      "曲敬国"
    ],
    "is_watched": false
  },
  {
    "rating": [
      "9.3",
      "50"
    ],
    "rank": 24,
    "cover_url": "https://img9.doubanio.com/view/photo/s_ratio_poster/public/p2206088801.jpg",
    "is_playable": true,
    "id": "1889243",
    "types": [
      "剧情",
      "科幻",
      "冒险"
    ],
    "regions": [
      "美国",
      "英国",
      "加拿大",
      "冰岛"
    ],
    "title": "星际穿越",
    "url": "https://movie.douban.com/subject/1889243/",
    "release_date": "2014-11-12",
    "actor_count": 28,
    "vote_count": 1064085,
    "score": "9.3",
    "actors": [
      "马修·麦康纳",
      "安妮·海瑟薇",
      "杰西卡·查斯坦",
      "卡西·阿弗莱克",
      "迈克尔·凯恩",
      "马特·达蒙",
      "麦肯吉·弗依",
      "蒂莫西·柴勒梅德",
      "艾伦·伯斯汀",
      "约翰·利思戈",
      "韦斯·本特利",
      "大卫·吉亚西",
      "比尔·欧文",
      "托弗·戈瑞斯",
      "科莱特·沃夫",
      "弗朗西斯·X·麦卡蒂",
      "安德鲁·博尔巴",
      "乔什·斯图沃特",
      "莱雅·卡里恩斯",
      "利亚姆·迪金森",
      "杰夫·赫普内尔",
      "伊莱耶斯·加贝尔",
      "布鲁克·史密斯",
      "大卫·奥伊罗",
      "威廉姆·德瓦内",
      "拉什·费加",
      "格里芬·弗雷泽",
      "弗洛拉·诺兰"
    ],
    "is_watched": false
  },
  {
    "rating": [
      "9.3",
      "50"
    ],
    "rank": 25,
    "cover_url": "https://img9.doubanio.com/view/photo/s_ratio_poster/public/p479682972.jpg",
    "is_playable": true,
    "id": "1292064",
    "types": [
      "剧情",
      "科幻"
    ],
    "regions": [
      "美国"
    ],
    "title": "楚门的世界",
    "url": "https://movie.douban.com/subject/1292064/",
    "release_date": "1998-06-05",
    "actor_count": 26,
    "vote_count": 1056530,
    "score": "9.3",
    "actors": [
      "金·凯瑞",
      "劳拉·琳妮",
      "艾德·哈里斯",
      "诺亚·艾默里奇",
      "娜塔莎·麦克艾霍恩",
      "安东尼·科隆",
      "马西娅·德波尼斯",
      "Adam Tomei",
      "约翰·普莱舍",
      "澳澜·琼斯",
      "Joe Minjares",
      "特里·金瑞利",
      "乔尔·麦金农·米勒",
      "冈本玉二",
      "Jake Eberle",
      "马克·麦考利",
      "贾德森·沃恩",
      "彼得·克劳斯",
      "保罗·吉亚玛提",
      "菲利普·贝克·霍尔",
      "梅丽莎·菲茨杰拉德",
      "Blair Slater",
      "珍妮特·米勒",
      "霍兰德·泰勒",
      "布赖恩·戴拉特",
      "哈里·谢尔"
    ],
    "is_watched": false
  },
  {
    "rating": [
      "9.3",
      "50"
    ],
    "rank": 26,
    "cover_url": "https://img9.doubanio.com/view/photo/s_ratio_poster/public/p1910824951.jpg",
    "is_playable": true,
    "id": "1291549",
    "types": [
      "剧情",
      "音乐"
    ],
    "regions": [
      "法国",
      "瑞士",
      "德国"
    ],
    "title": "放牛班的春天",
    "url": "https://movie.douban.com/subject/1291549/",
    "release_date": "2004-10-16",
    "actor_count": 17,
    "vote_count": 921007,
    "score": "9.3",
    "actors": [
      "热拉尔·朱尼奥",
      "弗朗索瓦·贝莱昂",
      "凯德·麦拉德",
      "让-保罗·博奈雷",
      "玛丽·布奈尔",
      "让-巴蒂斯特·莫尼耶",
      "马科森斯·珀林",
      "格雷戈里·加迪诺尔",
      "托马斯·布伦门塔尔",
      "西里尔·伯尔尼科特",
      "西蒙·法戈特",
      "泰奥杜尔·卡雷-卡赛尼",
      "菲利普·杜·詹纳兰德",
      "埃里克·德斯玛莱茨",
      "狄迪尔·弗拉蒙",
      "雅克·贝汉",
      "卡罗尔·韦斯"
    ],
    "is_watched": false
  },
  {
    "rating": [
      "9.3",
      "50"
    ],
    "rank": 27,
    "cover_url": "https://img9.doubanio.com/view/photo/s_ratio_poster/public/p616779645.jpg",
    "is_playable": true,
    "id": "1291841",
    "types": [
      "剧情",
      "犯罪"
    ],
    "regions": [
      "美国"
    ],
    "title": "教父",
    "url": "https://movie.douban.com/subject/1291841/",
    "release_date": "1972-03-15",
    "actor_count": 34,
    "vote_count": 648314,
    "score": "9.3",
    "actors": [
      "马龙·白兰度",
      "阿尔·帕西诺",
      "詹姆斯·肯恩",
      "理查德·卡斯特尔诺",
      "罗伯特·杜瓦尔",
      "斯特林·海登",
      "约翰·马利",
      "理查德·康特",
      "艾尔·勒提埃里",
      "黛安·基顿",
      "阿贝·维高达",
      "塔莉娅·夏尔",
      "吉亚尼·罗素",
      "约翰·凯泽尔",
      "鲁迪·邦德",
      "兰尼·蒙大拿",
      "索菲亚·科波拉",
      "弗兰科·奇蒂",
      "西蒙蕾妲·瑟法奈尼",
      "理查德·布赖特",
      "朱莉·格雷格",
      "阿历克斯·罗克",
      "卡迈恩·科波拉",
      "萨罗·乌尔齐",
      "阿尔·马蒂诺",
      "摩甘娜金",
      "安杰洛·伊凡蒂",
      "柯拉朵加伊帕",
      "维托·斯科蒂",
      "约翰马迪诺",
      "维克多伦蒂纳",
      "托尼·乔治",
      "加里·弗雷德里克森",
      "桑尼格鲁索"
    ],
    "is_watched": false
  },
  {
    "rating": [
      "9.3",
      "50"
    ],
    "rank": 28,
    "cover_url": "https://img9.doubanio.com/view/photo/s_ratio_poster/public/p1363250216.jpg",
    "is_playable": false,
    "id": "5912992",
    "types": [
      "剧情"
    ],
    "regions": [
      "韩国"
    ],
    "title": "熔炉",
    "url": "https://movie.douban.com/subject/5912992/",
    "release_date": "2011-09-22",
    "actor_count": 22,
    "vote_count": 640526,
    "score": "9.3",
    "actors": [
      "孔侑",
      "郑有美",
      "金贤秀",
      "郑仁絮",
      "白承焕",
      "张光",
      "金民尚",
      "林贤成",
      "金周灵",
      "严孝燮",
      "全国焕",
      "崔镇浩",
      "金志映",
      "严智星",
      "许在浩",
      "张素妍",
      "金智怜",
      "Joo-ryeong Kim",
      "李相熹",
      "林贤成",
      "郑亨锡",
      "洪锡然"
    ],
    "is_watched": false
  },
  {
    "rating": [
      "9.3",
      "50"
    ],
    "rank": 29,
    "cover_url": "https://img9.doubanio.com/view/photo/s_ratio_poster/public/p1963126880.jpg",
    "is_playable": true,
    "id": "1300267",
    "types": [
      "剧情",
      "历史",
      "爱情",
      "战争"
    ],
    "regions": [
      "美国"
    ],
    "title": "乱世佳人",
    "url": "https://movie.douban.com/subject/1300267/",
    "release_date": "1939-12-15",
    "actor_count": 36,
    "vote_count": 473538,
    "score": "9.3",
    "actors": [
      "费雯·丽",
      "克拉克·盖博",
      "奥利维娅·德哈维兰",
      "托马斯·米切尔",
      "芭芭拉·欧内尔",
      "伊夫林·凯耶斯",
      "安·卢瑟福德",
      "乔治·里弗斯",
      "弗莱德·克莱恩",
      "海蒂·麦克丹尼尔斯",
      "奥斯卡·波尔克",
      "巴特弗莱·麦昆",
      "维克托·乔里",
      "埃弗雷特·布朗",
      "霍华德·C·希克曼",
      "艾丽西亚·瑞特",
      "莱斯利·霍华德",
      "兰德·布鲁克斯",
      "卡洛尔·奈",
      "劳拉·霍普·克鲁斯",
      "埃迪·安德森",
      "哈里·达文波特",
      "利昂娜·罗伯特",
      "简·达威尔",
      "欧娜·满森",
      "保罗·赫斯特",
      "伊莎贝尔·朱尔",
      "卡米·金·肯伦",
      "艾瑞克·林登",
      "J·M·克里根",
      "沃德·邦德",
      "莉莲·肯布尔-库珀",
      "吴文伦",
      "查曼若",
      "彭河",
      "李守贞"
    ],
    "is_watched": false
  },
  {
    "rating": [
      "9.3",
      "50"
    ],
    "rank": 30,
    "cover_url": "https://img9.doubanio.com/view/photo/s_ratio_poster/public/p2263408369.jpg",
    "is_playable": true,
    "id": "1294371",
    "types": [
      "剧情",
      "喜剧",
      "爱情"
    ],
    "regions": [
      "美国"
    ],
    "title": "摩登时代",
    "url": "https://movie.douban.com/subject/1294371/",
    "release_date": "1936-02-25",
    "actor_count": 37,
    "vote_count": 191295,
    "score": "9.3",
    "actors": [
      "查理·卓别林",
      "宝莲·高黛",
      "亨利·伯格曼",
      "蒂尼·桑福德",
      "切斯特·康克林",
      "汉克·曼",
      "斯坦利·布莱斯通",
      "阿尔·欧内斯特·加西亚",
      "理查德·亚历山大",
      "塞西尔·雷诺兹",
      "米拉·麦金尼",
      "默多克·麦夸里",
      "威尔弗雷德·卢卡斯",
      "爱德华·勒桑",
      "弗雷德·马拉泰斯塔",
      "萨米·斯坦",
      "特德·奥利弗",
      "诺曼·安斯利",
      "博比·巴伯",
      "海尼·康克林",
      "格洛丽亚·德黑文",
      "帕特·弗莱厄蒂",
      "弗兰克·哈格尼",
      "帕特·哈蒙",
      "劳埃德·英格拉哈姆",
      "沃尔特·詹姆斯",
      "爱德华·金博尔",
      "杰克·洛",
      "巴迪·梅辛杰",
      "布鲁斯·米切尔",
      "弗兰克·莫兰",
      "詹姆斯·C·莫顿",
      "路易·纳托",
      "J·C·纽金特",
      "拉斯·鲍威尔",
      "约翰兰德",
      "哈里·威尔逊"
    ],
    "is_watched": false
  },
  {
    "rating": [
      "9.3",
      "50"
    ],
    "rank": 31,
    "cover_url": "https://img9.doubanio.com/view/photo/s_ratio_poster/public/p2170238828.jpg",
    "is_playable": true,
    "id": "1293908",
    "types": [
      "喜剧",
      "剧情",
      "爱情"
    ],
    "regions": [
      "美国"
    ],
    "title": "城市之光",
    "url": "https://movie.douban.com/subject/1293908/",
    "release_date": "1931-01-30",
    "actor_count": 9,
    "vote_count": 84782,
    "score": "9.3",
    "actors": [
      "查理·卓别林",
      "弗吉尼亚·切瑞尔",
      "佛罗伦斯·李",
      "亨利·伯格曼",
      "珍·哈露",
      "哈利·迈耶斯",
      "约翰兰德",
      "罗伯特·帕里什",
      "罗伯特·格雷夫斯"
    ],
    "is_watched": false
  },
  {
    "rating": [
      "9.3",
      "50"
    ],
    "rank": 32,
    "cover_url": "https://img9.doubanio.com/view/photo/s_ratio_poster/public/p771490367.jpg",
    "is_playable": true,
    "id": "1293749",
    "types": [
      "剧情",
      "爱情",
      "奇幻"
    ],
    "regions": [
      "美国"
    ],
    "title": "生活多美好",
    "url": "https://movie.douban.com/subject/1293749/",
    "release_date": "1946-12-20",
    "actor_count": 84,
    "vote_count": 57630,
    "score": "9.3",
    "actors": [
      "詹姆斯·斯图尔特",
      "唐娜·里德",
      "莱昂纳尔·巴里摩尔",
      "托马斯·米切尔",
      "亨利·崔佛斯",
      "比尤拉·邦蒂",
      "弗兰克·费伦",
      "沃德·邦德",
      "格洛丽亚·格雷厄姆",
      "H.B.沃纳",
      "弗兰克·艾伯森",
      "托德·卡恩茨",
      "萨缪尔·S·辛兹",
      "玛丽·特琳",
      "弗吉妮娅·巴顿",
      "查尔斯·威廉姆斯",
      "萨拉·爱德华兹",
      "威廉·埃德蒙兹",
      "莉莲·伦道夫",
      "阿亨蒂娜·布鲁内蒂",
      "罗伯特·J·安德森",
      "龙尼·拉尔夫",
      "雅尼娜·安·鲁斯",
      "乔吉·努克斯",
      "谢尔登·伦纳德",
      "弗兰克·哈格尼",
      "雷·沃克",
      "查尔斯·莱恩",
      "爱德华·基恩",
      "卡萝尔·库姆斯",
      "卡罗琳·格兰姆斯",
      "拉里·西姆斯",
      "吉米·霍金斯",
      "简·阿克",
      "厄尼·亚当斯",
      "曼雅·安德烈",
      "斯坦利·安德鲁斯",
      "萨姆·阿什",
      "杰克·贝利",
      "布鲁克斯·贝内迪克特",
      "约瑟夫·伯纳德",
      "阿尔·布里奇",
      "玛丽安·卡尔",
      "阿德里亚娜·卡塞洛蒂",
      "莱恩·钱德勒",
      "迈克尔·蔡平",
      "汤姆·查特顿",
      "杰克·奇塔姆",
      "哈里·切希尔",
      "爱德华·克拉克",
      "汤姆·科尔曼",
      "埃伦·科比",
      "海伦·迪克森",
      "迪克·埃利奥特",
      "汤姆·法登",
      "弗兰克·芬顿",
      "埃迪·凡特思顿",
      "萨姆·弗林特",
      "迪克·戈登",
      "约瑟夫·格兰比",
      "查尔斯·霍尔顿",
      "Herbert Heywood",
      "Harry Holman",
      "Art Howard",
      "Bert Howard",
      "Arthur Stuart Hull",
      "John Indrisano",
      "艾迪·凯恩",
      "Carl Kent",
      "Milton Kibbee",
      "Effie Laird",
      "迈克·拉里",
      "Harold Landon",
      "Meade 'Lux' Lewis",
      "Jack Lomas",
      "J·法瑞尔·麦克唐纳",
      "Wilbur Mack",
      "Charles Meakin",
      "伯特·穆尔豪斯",
      "Evelyn Moriarty",
      "Philip Morris",
      "George Noisom",
      "弗兰克·奥康纳",
      "让·盖尔"
    ],
    "is_watched": false
  },
  {
    "rating": [
      "9.3",
      "50"
    ],
    "rank": 33,
    "cover_url": "https://img9.doubanio.com/view/photo/s_ratio_poster/public/p672536444.jpg",
    "is_playable": true,
    "id": "1464526",
    "types": [
      "剧情",
      "历史"
    ],
    "regions": [
      "中国大陆"
    ],
    "title": "横空出世",
    "url": "https://movie.douban.com/subject/1464526/",
    "release_date": "1999-12-12",
    "actor_count": 12,
    "vote_count": 23180,
    "score": "9.3",
    "actors": [
      "李雪健",
      "李幼斌",
      "高明",
      "陈瑾",
      "滕汝骏",
      "张勇手",
      "刘琳",
      "陶海",
      "李晓耕",
      "李胜源",
      "王春元",
      "Chun Wang"
    ],
    "is_watched": false
  },
  {
    "rating": [
      "9.3",
      "50"
    ],
    "rank": 34,
    "cover_url": "https://img9.doubanio.com/view/photo/s_ratio_poster/public/p2151748293.jpg",
    "is_playable": true,
    "id": "1304920",
    "types": [
      "剧情"
    ],
    "regions": [
      "日本"
    ],
    "title": "切腹",
    "url": "https://movie.douban.com/subject/1304920/",
    "release_date": "1962-09-16",
    "actor_count": 16,
    "vote_count": 22527,
    "score": "9.3",
    "actors": [
      "仲代达矢",
      "石浜朗",
      "岩下志麻",
      "丹波哲郎",
      "三岛雅夫",
      "中谷一郎",
      "佐藤庆",
      "稻叶义男",
      "井川比佐志",
      "武内亨",
      "青木义朗",
      "松村达雄",
      "小林昭二",
      "富田仲次郎",
      "结城一朗",
      "三国连太郎"
    ],
    "is_watched": false
  },
  {
    "rating": [
      "9.2",
      "50"
    ],
    "rank": 35,
    "cover_url": "https://img9.doubanio.com/view/photo/s_ratio_poster/public/p579729551.jpg",
    "is_playable": true,
    "id": "3793023",
    "types": [
      "剧情",
      "喜剧",
      "爱情",
      "歌舞"
    ],
    "regions": [
      "印度"
    ],
    "title": "三傻大闹宝莱坞",
    "url": "https://movie.douban.com/subject/3793023/",
    "release_date": "2011-12-08",
    "actor_count": 13,
    "vote_count": 1322990,
    "score": "9.2",
    "actors": [
      "阿米尔·汗",
      "卡琳娜·卡普尔",
      "马达范",
      "沙尔曼·乔希",
      "奥米·瓦依达",
      "博曼·伊拉尼",
      "莫娜·辛格",
      "拉杰夫·拉宾德拉纳特安",
      "Atul Tiwari",
      "阿里·法扎勒",
      "帕里卡沙特.萨赫尼",
      "Rakesh Sharma",
      "贾维德·杰弗里"
    ],
    "is_watched": false
  },
  {
    "rating": [
      "9.2",
      "50"
    ],
    "rank": 36,
    "cover_url": "https://img9.doubanio.com/view/photo/s_ratio_poster/public/p2564556863.jpg",
    "is_playable": true,
    "id": "1307914",
    "types": [
      "剧情",
      "犯罪",
      "悬疑"
    ],
    "regions": [
      "中国香港"
    ],
    "title": "无间道",
    "url": "https://movie.douban.com/subject/1307914/",
    "release_date": "2003-09-05",
    "actor_count": 21,
    "vote_count": 848819,
    "score": "9.2",
    "actors": [
      "刘德华",
      "梁朝伟",
      "黄秋生",
      "曾志伟",
      "郑秀文",
      "陈慧琳",
      "陈冠希",
      "余文乐",
      "林家栋",
      "萧亚轩",
      "李天翔",
      "张艺",
      "叶清",
      "利沙华",
      "苏伟南",
      "林迪安",
      "吴廷烨",
      "洪智杰",
      "尹志强",
      "何华超",
      "姚文基"
    ],
    "is_watched": false
  },
  {
    "rating": [
      "9.2",
      "45"
    ],
    "rank": 37,
    "cover_url": "https://img9.doubanio.com/view/photo/s_ratio_poster/public/p462657443.jpg",
    "is_playable": true,
    "id": "1851857",
    "types": [
      "剧情",
      "动作",
      "科幻",
      "犯罪",
      "惊悚"
    ],
    "regions": [
      "美国",
      "英国"
    ],
    "title": "蝙蝠侠：黑暗骑士",
    "url": "https://movie.douban.com/subject/1851857/",
    "release_date": "2008-07-14",
    "actor_count": 39,
    "vote_count": 713110,
    "score": "9.2",
    "actors": [
      "克里斯蒂安·贝尔",
      "希斯·莱杰",
      "艾伦·艾克哈特",
      "迈克尔·凯恩",
      "玛吉·吉伦哈尔",
      "加里·奥德曼",
      "摩根·弗里曼",
      "莫尼克·加布里埃拉·库尔内",
      "罗恩·迪恩",
      "基里安·墨菲",
      "黄经汉",
      "内斯特·卡博内尔",
      "埃里克·罗伯茨",
      "里特奇·科斯特",
      "安东尼·迈克尔·豪尔",
      "基斯·斯扎拉巴基克",
      "柯林·麦克法兰",
      "约书亚·哈尔托",
      "美琳达·麦格劳",
      "内森·甘宝",
      "迈克尔·维约",
      "迈克尔·斯托扬诺夫",
      "威廉·斯米利",
      "丹尼·高德林",
      "迈克尔·加·怀特",
      "马修·奥尼尔",
      "威廉·菲克纳",
      "欧鲁米基·欧拉乌米",
      "格雷格·比姆",
      "爱利克·赫尔曼",
      "毕崔斯·罗森",
      "文森佐·尼克力",
      "陈冠希",
      "罗南·萨莫尔斯",
      "大卫·达斯马齐连",
      "玛丽扎·卡布蕾拉",
      "理查德·迪兰",
      "利萨·麦克阿里斯特",
      "Adam Kalesperis"
    ],
    "is_watched": false
  },
  {
    "rating": [
      "9.2",
      "50"
    ],
    "rank": 38,
    "cover_url": "https://img9.doubanio.com/view/photo/s_ratio_poster/public/p1454261925.jpg",
    "is_playable": false,
    "id": "6786002",
    "types": [
      "剧情",
      "喜剧"
    ],
    "regions": [
      "法国"
    ],
    "title": "触不可及",
    "url": "https://movie.douban.com/subject/6786002/",
    "release_date": "2011-11-02",
    "actor_count": 12,
    "vote_count": 691987,
    "score": "9.2",
    "actors": [
      "弗朗索瓦·克鲁塞",
      "奥玛·希",
      "安娜·勒尼",
      "奥德雷·弗勒罗",
      "托马·索利韦尔",
      "克洛蒂尔德·莫勒",
      "多萝特博里埃",
      "皮埃尔-罗兰·巴纳隆",
      "萨丽马特·卡马特",
      "艾米丽·卡恩",
      "阿尔芭·贝露琪",
      "海迪·布奇纳法"
    ],
    "is_watched": false
  },
  {
    "rating": [
      "9.2",
      "50"
    ],
    "rank": 39,
    "cover_url": "https://img9.doubanio.com/view/photo/s_ratio_poster/public/p2513253791.jpg",
    "is_playable": true,
    "id": "1292365",
    "types": [
      "剧情",
      "历史",
      "家庭"
    ],
    "regions": [
      "中国大陆",
      "中国香港"
    ],
    "title": "活着",
    "url": "https://movie.douban.com/subject/1292365/",
    "release_date": "1994-05-17",
    "actor_count": 17,
    "vote_count": 551901,
    "score": "9.2",
    "actors": [
      "葛优",
      "巩俐",
      "姜武",
      "牛犇",
      "郭涛",
      "张璐",
      "倪大红",
      "肖聪",
      "董飞",
      "刘天池",
      "董立范",
      "黄宗洛",
      "刘燕瑾",
      "李连义",
      "杨同顺",
      "苏岩",
      "王丽华"
    ],
    "is_watched": false
  },
  {
    "rating": [
      "9.2",
      "45"
    ],
    "rank": 40,
    "cover_url": "https://img9.doubanio.com/view/photo/s_ratio_poster/public/p1910825503.jpg",
    "is_playable": true,
    "id": "1291552",
    "types": [
      "剧情",
      "动作",
      "奇幻",
      "冒险"
    ],
    "regions": [
      "美国",
      "新西兰"
    ],
    "title": "指环王3：王者无敌",
    "url": "https://movie.douban.com/subject/1291552/",
    "release_date": "2004-03-12",
    "actor_count": 39,
    "vote_count": 522623,
    "score": "9.2",
    "actors": [
      "维果·莫腾森",
      "伊利亚·伍德",
      "西恩·奥斯汀",
      "丽芙·泰勒",
      "伊恩·麦克莱恩",
      "奥兰多·布鲁姆",
      "凯特·布兰切特",
      "米兰达·奥图",
      "安迪·瑟金斯",
      "雨果·维文",
      "多米尼克·莫纳汉",
      "比利·博伊德",
      "马尔顿·索克斯",
      "卡尔·厄本",
      "克里斯托弗·李",
      "约翰·瑞斯-戴维斯",
      "萨德文·布罗菲",
      "乔尔·托贝克",
      "彼得·杰克逊",
      "劳伦斯·马克奥雷",
      "萨拉·贝克",
      "杰德·布罗菲",
      "金永钢",
      "姜广涛",
      "张磊",
      "Maisy McLeod-Riera",
      "阿兰·霍华德",
      "布雷特·麦肯齐",
      "伊安·霍姆",
      "Sarah McLeod",
      "Noel Appleby",
      "阿利斯泰尔·布朗宁",
      "肖恩·宾",
      "Harry Sinclair",
      "伯纳德·希尔",
      "约翰·贝西",
      "大卫·文翰",
      "约翰·诺贝尔",
      "佩特·史密斯"
    ],
    "is_watched": false
  }
]